Order	Family	Genus	Species	animal	TOTALINNOVATIONS2025	FOODINNO2025	TECHINNO2025	TOTALINNOVATIONS2025_ResEff	FOODINNO2025_ResEff	TECHINNO2025_ResEff	Range.Size	ResearchEffort	DietBreadth	HabitatBreadth	GenerationLength	GenerationLengthFULL	MaxLongevity	Insularity	UrbanFULL	IUCNStatus2019	StatusCode	PopulationTrend2019	TrendCode	HabitatDestruction	Overexploitation	InvasiveSpecies	CriterionB	Brain_size	Relative_brain_size	Beak_length.Culmen	Beak_length.Nares	Beak_width	Beak_depth	Tarsus_length	Wing_length	Kipps_distance	Secondary1	Hand.Wing_index	Tail_length	Mass	Habitat	Habitat_density	Migration	Trophic_level	Trophic_niche	Primary_lifestyle	Range_size	buildingcoll	lbuildingcoll	buildingcoll_mig	lbuildingcoll_mig	buildingcoll_nonmig	lbuildingcoll_nonmig	rawtowercoll	ltowercollnonzero	rawturbinecoll	lturbinecollnonxero	ALLcoll	Abundance.estimate
PASSERIFORMES	PASSERELLIDAE	Zonotrichia	Zonotrichia_albicollis	Zonotrichia_albicollis	0	0	0	-0.828218919	-0.566083114	-0.466523093	5662700.85	216	3	3.361634386	4.2	2.978161552	14.91666667	0	1	Least-Concern	1	stable	2	0	0	0	NO	1.061	0.214	13.6	8.4	5.1	6.3	23	72.8	14.3	58.1	19.7	70.4	24.4	Woodland	2	3	Herbivore	Omnivore	Terrestrial	5662700.85	10308	4.01317441	10282	4.01	26	1.41	797	2.901458321	6	0.77815125	4.045753148	217096172
PASSERIFORMES	PASSERELLIDAE	Melospiza	Melospiza_georgiana	Melospiza_georgiana	0	0	0	-0.626154523	-0.427602742	-0.347418515	6032762.64	59	2	2.727810651	3.8	2.078270071	8.585793558	0	0	Least-Concern	1	increasing	3	0	0	0	NO	0.822	0.192	13.9	8.2	4.1	5.2	21.9	62.3	11.9	50.4	19.1	57	16.1	Wetland	2	3	Omnivore	Omnivore	Generalist	6032762.64	472	2.673941999	469	2.67	3	0.48	850	2.929418926	20	1.301029996	3.127752516	27350684
PASSERIFORMES	PASSERELLIDAE	Melospiza	Melospiza_melodia	Melospiza_melodia	3	1	2	0.490763469	0.080933292	0.592412913	10313728.38	332	2	5.749505756	3.7	2.588141994	11.33	0	0	Least-Concern	1	stable	2	0	0	0	NO	1.072	0.285	13.4	8.5	5.3	6.7	21.5	66.3	13.2	52.6	20.1	67.2	21.91	Shrubland	2	2	Omnivore	Omnivore	Generalist	10313728.38	867	2.938019097	835	2.92	32	1.51	422	2.625312451	23	1.361727836	3.117933835	214266112
PASSERIFORMES	PASSERELLIDAE	Passerculus	Passerculus_sandwichensis	Passerculus_sandwichensis	2	0	2	0.303309158	-0.543525005	0.651491036	13598359.75	175	3	7.025585325	3.4	2.242147407	7.287439259	0	0	Least-Concern	1	stable	2	0	0	0	NO	0.689	-0.105	12.8	8.3	4.1	5.4	20.7	72.8	17.6	55.2	24.1	51.2	19.97	Grassland	3	3	Omnivore	Omnivore	Generalist	13598359.75	68	1.832508913	66	1.82	2	0.3	1335	3.125481266	109	2.037426498	3.179551791	599661514
PASSERIFORMES	PARULIDAE	Geothlypis	Geothlypis_trichas	Geothlypis_trichas	3	1	2	0.669213137	0.203229831	0.697598056	12826786.25	106	1	3.447937934	4.6	2.538277341	11.5	0	0	Least-Concern	1	stable	2	0	0	0	NO	0.527	0.041	12.7	7.9	3	3.3	20.2	54.7	8.5	44.3	16.1	49.4	9.54	Wetland	1	3	Carnivore	Invertivore	Insessorial	12826786.25	2375	3.375663614	2220	3.35	154	2.19	10397	4.016908044	39	1.591064607	4.107583031	73754462
PASSERIFORMES	ICTERIDAE	Agelaius	Agelaius_phoeniceus	Agelaius_phoeniceus	8	7	1	1.169122662	1.37637303	0.108805311	13703226.95	773	2	2.20640047	6.2	4.27953597	15.8	0	0	Least-Concern	1	decreasing	1	0	0	0	NO	1.705	0.277	22.7	15.4	5.6	8.8	28	118	27.8	88.9	24	88.9	50.78	Wetland	3	3	Herbivore	Granivore	Generalist	13703226.95	115	2.06069784	96	1.98	19	1.28	410	2.612783857	164	2.214843848	2.838219222	418284484
PASSERIFORMES	FRINGILLIDAE	Haemorhous	Haemorhous_mexicanus	Carpodacus_mexicanus	2	1	1	0.159643356	0.05116399	0.161343742	10299459.91	438	3	3.510383556	4.1	2.506719457	11.6	0	1	Least-Concern	1	increasing	3	0	0	0	NO	0.786	-0.012	10.6	8.4	6.6	8.2	17.4	77.2	21.2	55.8	27.5	66.2	21.4	Shrubland	2	2	Herbivore	Granivore	Insessorial	10299459.91	170	2.230448921	116	2.06	50	1.7	NA	NA	20	1.301029996	2.278753601	82119779
PASSERIFORMES	FRINGILLIDAE	Fringilla	Fringilla_coelebs	Fringilla_coelebs	10	7	3	1.388078311	1.388904219	0.812730351	13931193.45	688	3	4.810023655	5.7	4.980850384	29	0	1	Least-Concern	1	increasing	3	0	0	0	NO	0.818	-0.032	14.7	9.8	5.5	6.7	17.8	85.9	23.7	62.2	27.6	65.9	23.81	Forest	2	2	Omnivore	Invertivore	Generalist	13931193.45	3	0.477121255	3	0.48	0	NA	NA	NA	NA	NA	0.477121255	48580457
PASSERIFORMES	PASSERIDAE	Passer	Passer_domesticus	Passer_domesticus	50	25	25	2.757122164	2.454557889	2.587342037	34407867.59	1966	3	6.718159831	6	3.726344591	19.9	0	1	Least-Concern	1	decreasing	1	0	0	0	NO	0.979	0.087	13.5	9.1	6.3	7.4	17.9	74.9	20.4	54.4	27.3	57.2	26.51	Human Modified	3	1	Herbivore	Granivore	Terrestrial	34407867.59	825	2.916453949	445	2.65	316	2.5	14	1.146128036	48	1.681241237	2.94792362	1618744682
PASSERIFORMES	ESTRILDIDAE	Estrilda	Taeniopygia_guttata	Taeniopygia_guttata	1	1	0	-0.355307427	-0.023869599	-0.596338534	83399.73	880	1	5	NA	1.570515365	7.075703508	NA	1		NA		NA	NA	NA	NA		0.447	-0.254	10	7.1	5.3	6.3	13.3	50.5	11.2	39.2	22.2	34.2	12.04	Grassland	2	2	Herbivore	Granivore	Terrestrial	83399.73	NA	NA	NA	NA	NA	NA	NA	NA	NA	NA	NA	47805757
PASSERIFORMES	TURDIDAE	Catharus	Catharus_ustulatus	Catharus_ustulatus	3	2	1	0.6292224	0.581288171	0.268560859	489246.29	137	2	3.657187778	4.3	2.471010853	11	0	1	Least-Concern	1	unknown	NA	0	0	0	NO	0.821	-0.164	16.6	9.5	4.4	4.1	29.6	96.8	29.7	67.2	30.6	67.1	30.3	Forest	1	3	Omnivore	Invertivore	Insessorial	489246.29	1793	3.25358029	1525	3.18	55	1.74	3943	3.595826777	18	1.255272505	3.759969858	301610196
PASSERIFORMES	MUSCICAPIDAE	Erithacus	Erithacus_rubecula	Erithacus_rubecula	10	7	3	1.403905607	1.399751107	0.822059572	10001378.73	622	4	6.429223744	6	3.601223214	19.3	0	1	Least-Concern	1	increasing	3	0	0	0	NO	0.644	-0.105	14	7	2.9	3.3	24.5	71.6	14.2	57.3	19.9	56.9	17.7	Forest	1	3	Carnivore	Omnivore	Generalist	10001378.73	14	1.146128036	12	1.08	2	0.3	NA	NA	NA	NA	1.146128036	21261776
PASSERIFORMES	CINCLIDAE	Cinclus	Cinclus_cinclus	Cinclus_cinclus	4	2	2	0.643853626	0.438388853	0.55112073	8499590.13	519	2	2.405002194	4.1	2.379229571	10.58333333	0	0	Least-Concern	1	decreasing	1	0	0	0	NO	1.216	-0.168	22.1	11.7	3.4	4.4	28.4	88.9	24.5	64.5	27.6	50.1	61.47	Riverine	3	1	Carnivore	Aquatic predator	Generalist	8499590.13	NA	NA	NA	NA	NA	NA	NA	NA	NA	NA	NA	3349892
PASSERIFORMES	STURNIDAE	Acridotheres	Acridotheres_tristis	Acridotheres_tristis	15	11	4	1.87013244	1.867946598	1.099156443	8561587.67	347	4	4.119786681	3.9	3.211699055	12.2	0	1	Least-Concern	1	increasing	3	0	0	0	NO	2.499	0.194	26.8	16	6.4	8	38.6	139.8	32.8	106.3	23.6	84.8	116.43	Human Modified	3	2	Carnivore	Omnivore	Terrestrial	8561587.67	1	0	1	0	0	NA	NA	NA	NA	NA	0	59142818
PASSERIFORMES	SYLVIIDAE	Sylvia	Sylvia_borin	Sylvia_borin	1	1	0	-0.181192699	0.095456085	-0.493708573	9648408.47	290	3	5.799409061	4	3.591084482	19.0835	0	0	Least-Concern	1	decreasing	1	0	0	0	NO	0.629	-0.144	15.1	7.2	3.5	3.6	20.1	78.7	23.6	55.2	30	57.9	18.2	Woodland	1	3	Omnivore	Omnivore	Insessorial	9648408.47	NA	NA	NA	NA	NA	NA	NA	NA	NA	NA	NA	13552732
PASSERIFORMES	SYLVIIDAE	Sylvia	Sylvia_atricapilla	Sylvia_atricapilla	9	7	2	1.302654023	1.395679297	0.530875406	8628077.66	646	3	5.483527415	4	2.509753403	11.58	0	1	Least-Concern	1	increasing	3	0	0	0	NO	0.647	-0.068	15.2	7.2	3.2	3.4	20.8	75.9	20.5	55.4	27	62.2	16.7	Woodland	1	3	Omnivore	Omnivore	Insessorial	8628077.66	2	0.301029996	0	NA	2	0.3	NA	NA	NA	NA	0.301029996	25867223
PASSERIFORMES	ZOSTEROPIDAE	Zosterops	Zosterops_lateralis	Zosterops_lateralis	5	2	3	1.003768399	0.560098442	0.943483119	2701109.16	167	4	4.541136404	3.5	3.526704245	18.66027397	0	0	Least-Concern	1	stable	2	0	0	0	NO	0.478	-0.216	12.7	6.8	2.8	3.1	16.4	59	15.2	44.8	25.3	42.2	12.68	Shrubland	2	1	Omnivore	Omnivore	Insessorial	2701109.16	13	1.113943352	6	0.78	7	0.85	NA	NA	NA	NA	1.113943352	19215046
PASSERIFORMES	HIRUNDINIDAE	Hirundo	Hirundo_rustica	Hirundo_rustica	20	4	16	1.929449065	0.846765433	2.19760713	51701054.06	1345	2	5.811854513	3.9	3.132150175	16	0	1	Least-Concern	1	decreasing	1	0	0	0	NO	0.553	-0.264	12.4	6	4.5	2.7	11.7	115.8	62.3	56	52.6	71.4	17.91	Human Modified	3	3	Carnivore	Invertivore	Aerial	51701054.06	35	1.544068044	8	0.9	20	1.3	4	0.602059991	24	1.380211242	1.799340549	1076122004
PASSERIFORMES	PARIDAE	Poecile	Poecile_atricapillus	Parus_atricapillus	4	3	1	0.745711079	0.795876682	0.205694348	9078514.18	271	2	2.820185615	4.1	2.623277	12.42	0	1	Least-Concern	1	increasing	3	0	0	0	NO	0.765	0.344	10.3	7.2	3.7	4	16.8	64.4	12	52.5	18.6	61.7	10.8	Forest	1	1	Omnivore	Invertivore	Insessorial	9078514.18	2652	3.42357352	2605	3.42	47	1.67	NA	NA	2	0.301029996	3.423900919	112012778
PASSERIFORMES	CORVIDAE	Cyanocitta	Cyanocitta_cristata	Cyanocitta_cristata	14	7	7	1.865973773	1.503861489	1.604750296	6665383.16	236	3	3.849429069	6.8	5.15878621	18.3	0	1	Least-Concern	1	stable	2	0	0	0	NO	3.07	0.557	29.9	18.6	10.1	8.9	34.7	130	22.9	108.3	17.4	121.4	88	Woodland	2	1	Omnivore	Omnivore	Terrestrial	6665383.16	405	2.607455023	376	2.58	29	1.46	6	0.77815125	9	0.954242509	2.62324929	47457226
	Passeriformes	Corvidae	Corvus	Corvus_moneduloides	Corvus_moneduloides	7	0	7	1.538006995	-0.369541777	1.781960261	16389.59	34	5	3.247295067	NA	5.705631996	15.19800041	NA	0		NA		NA	NA	NA	NA		7.227	0.768	43.5	28.4	11.9	17.1	47.1	238.1	54.7	183.4	23	164.6	277.38	Woodland	2	1	Omnivore	Omnivore	Generalist	16389.59	NA	NA	NA	NA	NA	NA	NA	NA	NA	NA	NA	221690
PSITTACIFORMES	PSITTACIDAE	Lathamus	Lathamus_discolor	Lathamus_discolor	1	1	0	0.147284709	0.320570823	-0.300091271	12318.07	35	2	3.04184193	5.4	3.70476426	10.79694148	1	1	Critically-Endangered	5	decreasing	1	1	1	1	NO	2.396	0.481	15.8	11.7	8	13.7	14.3	123	64.8	57.6	53	119.8	64.7	Forest	2	3	Herbivore	Nectarivore	Insessorial	12318.07	NA	NA	NA	NA	NA	NA	NA	NA	NA	NA	NA	431791
PSITTACIFORMES	PSITTACIDAE	Ara	Ara_ararauna	Ara_ararauna	4	4	0	0.879662542	1.110820911	-0.408496654	7780066.73	115	3	2.7620782	12.7	12.12364583	43	0	0	Least-Concern	1	decreasing	1	0	0	0	NO	18.3	0.912	66	61.9	30.2	55.1	31.9	381.3	115.4	264.6	30.1	492.5	1125	Forest	1	1	Herbivore	Omnivore	Insessorial	7780066.73	1	0	NA	NA	NA	NA	NA	NA	NA	NA	0	8323679
FALCONIFORMES	FALCONIDAE	Falco	Falco_rusticolus	Falco_rusticolus	2	0	2	0.233161332	-0.591599269	0.610143191	8809463.94	274	1	4.791679798	6.4	6.127488041	21.8523941	0	0	Least-Concern	1	stable	2	1	1	0	NO	8.95	0.061	36	22	16.3	19.2	56.7	368	174.2	193.2	47.5	201.8	1431.72	Grassland	3	3	Carnivore	Vertivore	Aerial	8809463.94	NA	NA	NA	NA	NA	NA	NA	NA	NA	NA	NA	NA
FALCONIFORMES	FALCONIDAE	Falco	Falco_cherrug	Falco_cherrug	1	1	0	-0.192648034	0.087605424	-0.500460791	11514254.26	312	1	3.84061569	6.4	5.195702924	18.12434064	0	1	Endangered	4	decreasing	1	1	1	0	NO	NA	NA	32.8	21.8	14.8	17.9	52.6	378.5	190.5	191.8	49.9	204.5	961.21	Grassland	3	3	Carnivore	Vertivore	Generalist	11514254.26	NA	NA	NA	NA	NA	NA	NA	NA	NA	NA	NA	NA
FALCONIFORMES	FALCONIDAE	Falco	Falco_biarmicus	Falco_biarmicus	3	1	2	0.589215156	0.148404982	0.650444149	17892923.9	177	2	5.928550683	6.4	4.312408266	13.05637875	0	1	Least-Concern	1	increasing	3	1	1	1	NO	6.154	0.169	28.2	19.8	13.4	16.6	46.9	330.8	169.2	165.2	50.6	169.8	606.09	Shrubland	3	2	Carnivore	Vertivore	Aerial	17892923.9	NA	NA	NA	NA	NA	NA	NA	NA	NA	NA	NA	2086180
FALCONIFORMES	FALCONIDAE	Falco	Falco_peregrinus	Falco_peregrinus	35	15	20	2.399056278	1.962361827	2.368015491	38088662.45	2092	2	8.230815194	6.8	5.712366517	19.25	0	1	Least-Concern	1	stable	2	1	1	0	NO	6.274	0.061	31.1	18.4	13.7	15.4	45.1	314.7	165	152.6	52.2	143	759.95	Grassland	3	2	Carnivore	Vertivore	Aerial	38088662.45	14	1.146128036	8	0.9	5	0.7	NA	NA	8	0.903089987	1.342422681	8922996
FALCONIFORMES	FALCONIDAE	Falco	Falco_naumanni	Falco_naumanni	1	0	1	-0.209309102	-0.616960052	0.182865711	9560575.62	347	1	4.76545268	5.7	2.996853971	10.92	0	1	Least-Concern	1	stable	2	1	1	0	NO	2.745	0.138	19.8	13	9.5	11	29.9	229.3	123.4	105.7	53.9	132.4	152.06	Grassland	3	3	Carnivore	Invertivore	Generalist	9560575.62	NA	NA	NA	NA	NA	NA	NA	NA	NA	NA	NA	13382449
FALCONIFORMES	FALCONIDAE	Falco	Falco_punctatus	Falco_punctatus	1	0	1	0.066992658	-0.427602742	0.345728666	157.55	59	2	3.187279152	6.2	3.295500678	11.18549662	1	1	Endangered	4	decreasing	1	1	0	1	YES	NA	NA	19.5	12.6	9.2	10.7	39.3	179.4	63.4	115.8	35.4	134.4	167.41	Forest	3	1	Carnivore	Vertivore	Generalist	157.55	NA	NA	NA	NA	NA	NA	NA	NA	NA	NA	NA	618
PICIFORMES	PICIDAE	Picoides	Dryobates_pubescens	Picoides_pubescens	8	5	3	1.346127095	1.209997037	0.906285757	12800223.82	250	2	3.366562233	NA	2.534501603	11.65	NA	1		NA		NA	NA	NA	NA		1.215	0.324	17.4	12.2	4.9	4.8	15.8	91.3	24.3	65.9	27	58.6	25.55	Woodland	2	1	Carnivore	Invertivore	Insessorial	12800223.82	174	2.240549248	128	2.11	46	1.66	13	1.113943352	7	0.84509804	2.28780173	NA
ACCIPITRIFORMES	ACCIPITRIDAE	Haliaeetus	Haliaeetus_albicilla	Haliaeetus_albicilla	1	1	0	-0.346690104	-0.017963907	-0.591259151	17404346.92	833	2	8.541495481	17.5	14.45122842	30.62960403	0	0	Least-Concern	1	increasing	3	1	1	0	NO	17.561	0.064	74.1	46.1	22.9	33.9	95	599.5	227.2	370.9	38	294.2	4729.27	Rock	3	2	Carnivore	Aquatic predator	Aerial	17404346.92	NA	NA	NA	NA	NA	NA	NA	NA	NA	NA	NA	6261559
ACCIPITRIFORMES	ACCIPITRIDAE	Buteo	Buteo_buteo	Buteo_buteo	16	8	8	1.744111318	1.452350987	1.57692688	11719424.27	1140	1	5.189237848	10.1	9.449470051	28.75	0	0	Least-Concern	1	stable	2	1	1	1	NO	8.013	0.307	35.9	22.1	12.6	16.6	75.8	382.9	147.2	236.9	38.3	214.4	759.1	Grassland	3	2	Carnivore	Vertivore	Insessorial	11719424.27	NA	NA	NA	NA	NA	NA	NA	NA	NA	NA	NA	34850094
ACCIPITRIFORMES	ACCIPITRIDAE	Harpia	Harpia_harpyja	Harpia_harpyja	5	2	3	1.188097671	0.686424439	1.052133929	11064295.35	51	1	0.999801035	18.5	10.54332947	21.7201297	0	0	Near-Threatened	2	decreasing	1	1	1	1	NO	18.975	0.133	70.8	41	17.2	36.4	102.4	569.5	262.7	285.7	47.9	442	4800	Forest	1	1	Carnivore	Vertivore	Insessorial	11064295.35	NA	NA	NA	NA	NA	NA	NA	NA	NA	NA	NA	313789
ACCIPITRIFORMES	ACCIPITRIDAE	Aquila	Aquila_chrysaetos	Aquila_chrysaetos	19	13	6	1.905942966	1.893712726	1.325207342	39450257.98	1145	2	5.726648352	17.3	16.25526957	40.55924429	0	0	Least-Concern	1	stable	2	1	1	1	NO	17.393	0.115	56.8	37	18.5	28.4	101.4	603.1	221.2	381.9	36.7	307.1	4247.97	Grassland	3	2	Carnivore	Vertivore	Aerial	39450257.98	NA	NA	NA	NA	NA	NA	NA	NA	15	1.176091259	1.176091259	3515253
ACCIPITRIFORMES	ACCIPITRIDAE	Gypaetus	Gypaetus_barbatus	Gypaetus_barbatus	1	0	1	-0.24072748	-0.638491943	0.164346503	8369572.33	424	1	3.941109853	17.8	16.07825667	40	0	1	Near-Threatened	2	decreasing	1	1	1	1	NO	22.817	0.222	78.2	46.6	20.8	28.1	103.6	760.6	370.2	378	49.5	468	5694.98	Rock	3	2	Scavenger	Scavenger	Terrestrial	8369572.33	NA	NA	NA	NA	NA	NA	NA	NA	NA	NA	NA	1986636
CATHARTIFORMES	CATHARTIDAE	Sarcoramphus	Sarcoramphus_papa	Sarcoramphus_papa	2	2	0	0.486134296	0.680382454	-0.339357039	14260256.21	54	1	2.923992069	14.4	12.44872218	40	0	0	Least-Concern	1	decreasing	1	0	0	0	NO	18.785	0.317	61.9	46	22.8	30.6	89.9	508.2	191.6	317.6	37.6	239	3400	Forest	3	1	Scavenger	Scavenger	Terrestrial	14260256.21	NA	NA	NA	NA	NA	NA	NA	NA	NA	NA	NA	1275167
CHARADRIIFORMES	SCOLOPACIDAE	Numenius	Numenius_arquata	Numenius_arquata	4	4	0	0.674090821	0.969936871	-0.529668586	12491410.25	428	2	7.914893617	5	9.518364315	32	0	0	Near-Threatened	2	decreasing	1	1	1	1	NO	4.602	-0.28	145.8	122.5	8.9	9.7	82.7	292.2	155.9	137.2	53.2	111.3	802.99	Grassland	3	3	Carnivore	Aquatic predator	Terrestrial	12491410.25	NA	NA	NA	NA	NA	NA	NA	NA	NA	NA	NA	26640376
CHARADRIIFORMES	LARIDAE	Rissa	Rissa_tridactyla	Rissa_tridactyla	5	4	1	0.745279748	0.893774578	0.097972721	2307068.48	869	4	1.927966102	12.9	9.781390857	28.5	0	0	Vulnerable	3	decreasing	1	1	1	1	NO	4.362	0.036	44.5	18.8	5.3	10.8	33.9	301	179.1	122.9	59.4	116	415.99	Marine	3	2	Carnivore	Aquatic predator	Aerial	2307068.48	NA	NA	NA	NA	NA	NA	NA	NA	NA	NA	NA	815654031
CHARADRIIFORMES	LARIDAE	Larus	Larus_argentatus	Larus_argentatus	28	14	14	2.208117627	1.915151451	2.046446893	1540126.95	1781	3	8.530204822	13	14.07477897	34.75	0	1	Least-Concern	1	decreasing	1	1	1	1	NO	6.769	-0.066	74	24.5	8.9	19.6	63.2	430.8	230.3	200.5	53.4	170.2	1090.99	Coastal	3	2	Carnivore	Aquatic predator	Generalist	1540126.95	1	0	1	0	0	NA	4	0.602059991	1	0	0.77815125	89542122
CHARADRIIFORMES	LARIDAE	Larus	Larus_michahellis	Larus_michahellis	4	2	2	0.862966435	0.588552978	0.680274302	858974.47	128	3	9.487044651	11.5	10.60559085	31.99983333	0	1	Least-Concern	1	increasing	3	0	1	0	NO	NA	NA	67.6	25.4	8.6	18.2	66	422.8	231.2	191.5	54.6	163	1111.89	Coastal	3	2	Carnivore	Aquatic predator	Generalist	858974.47	NA	NA	NA	NA	NA	NA	NA	NA	NA	NA	NA	32174330
CHARADRIIFORMES	LARIDAE	Larus	Larus_fuscus	Larus_fuscus	2	0	2	0.096989786	-0.684921431	0.52987841	4200335.24	653	4	9.666240175	13.9	12.62376603	34.92	0	1	Least-Concern	1	increasing	3	1	1	0	NO	5.939	0.005	62.3	23	7.9	15.8	61.5	412.2	235.5	174.5	57.4	147	762.36	Coastal	3	2	Carnivore	Aquatic predator	Generalist	4200335.24	NA	NA	NA	NA	NA	NA	NA	NA	NA	NA	NA	58600962
CHARADRIIFORMES	LARIDAE	Sterna	Sterna_hirundo	Sterna_hirundo	10	5	5	1.313548193	1.050144576	1.174264522	30248469.5	1106	3	4.778757741	11.5	10.39724168	33.7	0	0	Least-Concern	1	unknown	NA	1	1	0	NO	1.911	-0.133	44.5	24.2	3.8	7	19.5	253.3	170.6	82.6	67.3	129.8	129.15	Marine	3	3	Carnivore	Aquatic predator	Aerial	30248469.5	NA	NA	NA	NA	NA	NA	1	0	NA	NA	0	27073614
CHARADRIIFORMES	CHARADRIIDAE	Vanellus	Vanellus_vanellus	Vanellus_vanellus	1	1	0	-0.348935584	-0.019502797	-0.592582724	18594755.95	845	1	3.373626374	9	6.185876204	23.6	0	0	Near-Threatened	2	decreasing	1	1	1	1	NO	2.285	-0.249	28.1	14.9	4.6	5.5	48.3	222.5	89.1	132.9	40.2	103.2	218.37	Wetland	3	2	Carnivore	Omnivore	Terrestrial	18594755.95	NA	NA	NA	NA	NA	NA	NA	NA	NA	NA	NA	43487298
CHARADRIIFORMES	CHARADRIIDAE	Pluvialis	Pluvialis_apricaria	Pluvialis_apricaria	1	0	1	-0.200484221	-0.610912114	0.188067438	3294836.99	328	3	4.840338587	5.2	4.450307267	17.28258506	0	0	Least-Concern	1	increasing	3	0	0	0	NO	2.253	-0.252	25	14.8	3.7	4.9	38	181.2	104.2	77.2	57.4	70.2	214	Grassland	3	3	Carnivore	Invertivore	Terrestrial	3294836.99	NA	NA	NA	NA	NA	NA	NA	NA	NA	NA	NA	18894447
GRUIFORMES	GRUIDAE	Grus	Grus_americana	Grus_americana	1	1	0	-0.146926916	0.118939382	-0.473510994	6122.49	233	3	3.150392017	13.1	13.3237574	31.29759518	0	0	Endangered	4	increasing	3	1	1	1	NO	NA	NA	148.8	77.1	13.1	22	288.8	605.8	258.8	347	42.7	208.8	5825.99	Wetland	3	3	Carnivore	Omnivore	Terrestrial	6122.49	NA	NA	NA	NA	NA	NA	NA	NA	NA	NA	NA	446204
GRUIFORMES	GRUIDAE	Grus	Grus_grus	Grus_grus	0	0	0	-1.025025869	-0.700960411	-0.582528729	15456101.32	758	4	5.351459717	13.4	17.02782152	43	0	0	Least-Concern	1	increasing	3	1	1	0	NO	17.192	-0.042	108.1	58.1	10.7	16.8	234.4	540.6	225.5	300.2	43	193.4	5499.99	Wetland	3	3	Herbivore	Omnivore	Terrestrial	15456101.32	NA	NA	NA	NA	NA	NA	NA	NA	NA	NA	NA	32822521
GRUIFORMES	RALLIDAE	Gallinula	Gallinula_chloropus	Gallinula_chloropus	13	7	6	1.696548136	1.435032112	1.412019943	38515141.7	448	4	6.995962954	5.9	3.573459451	18.58	0	0	Least-Concern	1	stable	2	0	0	0	NO	2.399	-0.448	33.9	13.2	4.3	8.1	45.9	165.5	53	110.5	32.2	69	339.63	Wetland	3	1	Omnivore	Omnivore	Terrestrial	38515141.7	NA	NA	NA	NA	NA	NA	NA	NA	NA	NA	NA	39632507
PROCELLARIIFORMES	PROCELLARIIDAE	Calonectris	Calonectris_borealis	Calonectris_diomedea	1	1	0	0.175942183	0.340210589	-0.283199447	58806206.19	29	3	3.155307829	19.3	13.74119658	24.9477171	1	0	Least-Concern	1	unknown	NA	1	1	1	NO	4.977	0.027	55	41.2	11.3	15.1	54.2	347	186.2	160.8	53.7	141	534.99	Marine	3	3	Carnivore	Aquatic predator	Generalist	58806206.19	NA	NA	NA	NA	NA	NA	NA	NA	NA	NA	NA	16504304
SPHENISCIFORMES	SPHENISCIDAE	Spheniscus	Spheniscus_humboldti	Spheniscus_humboldti	0	0	0	-0.80398937	-0.549477928	-0.452241259	73314.02	185	2	1.650807636	10.6	9.721247253	26.28530235	0	0	Vulnerable	3	decreasing	1	1	1	1	NO	16.265	0.033	63.7	27.3	9.1	21.1	39	105.2	4.6	100.7	4.4	28.1	4366.39	Marine	3	2	Carnivore	Aquatic predator	Aquatic	73314.02	NA	NA	NA	NA	NA	NA	NA	NA	NA	NA	NA	674833
SULIFORMES	SULIDAE	Morus	Morus_bassanus	Morus_bassanus	0	0	0	-0.908220969	-0.620910752	-0.513679398	18270100.05	360	2	1.317706684	20.7	15.03603245	37.42	0	0	Least-Concern	1	increasing	3	1	1	0	NO	18.755	0.386	98.7	98	24.8	32	60	485.8	300.5	183.5	62.1	206.2	2998.74	Marine	3	2	Carnivore	Aquatic predator	Aerial	18270100.05	NA	NA	NA	NA	NA	NA	NA	NA	NA	NA	NA	34544376
SULIFORMES	PHALACROCORACIDAE	Phalacrocorax	Phalacrocorax_carbo	Phalacrocorax_carbo	16	8	8	1.682832679	1.410355025	1.540806878	24540701.98	1684	2	8.564225941	11.3	8.710598315	27.2	0	0	Least-Concern	1	increasing	3	0	1	0	NO	10.544	-0.094	82.7	57	13.2	18.3	64.2	340.2	124.2	211.7	37.1	148.2	2528.97	Wetland	3	2	Carnivore	Aquatic predator	Aquatic	24540701.98	NA	NA	NA	NA	NA	NA	NA	NA	NA	NA	NA	12865671
PELECANIFORMES	PELECANIDAE	Pelecanus	Pelecanus_crispus	Pelecanus_crispus	1	0	1	-0.058124088	-0.513348741	0.271980012	3326029.46	132	1	3.174273859	11	13.23602572	45.8462097	0	0	Near-Threatened	2	decreasing	1	1	1	1	NO	NA	NA	414	377	50.6	48.5	115.2	687	297.5	390.2	43.3	197.9	9512.09	Wetland	3	2	Carnivore	Aquatic predator	Aquatic	3326029.46	NA	NA	NA	NA	NA	NA	NA	NA	NA	NA	NA	4658889
PELECANIFORMES	THRESKIORNITHIDAE	Platalea	Platalea_leucorodia	Platalea_leucorodia	1	1	0	-0.181192699	0.095456085	-0.493708573	6276598.58	290	3	4.394145321	7.2	9.340384641	28.25	0	0	Least-Concern	1	unknown	NA	0	0	0	NO	11.189	0.135	190.3	172.2	26.3	15.2	129	361.6	146	216	40.4	118.4	1868	Wetland	3	2	Carnivore	Aquatic predator	Terrestrial	6276598.58	NA	NA	NA	NA	NA	NA	NA	NA	NA	NA	NA	12989010
GAVIIFORMES	GAVIIDAE	Gavia	Gavia_stellata	Gavia_stellata	1	1	0	-0.154787601	0.113552236	-0.478144386	16657775.71	245	2	4.108737864	9.8	8.185562761	23.58333333	0	0	Least-Concern	1	decreasing	1	1	1	0	NO	5.663	-0.418	63.1	37.4	7.5	12.2	66.1	275.4	130.7	143.8	47.6	45.6	1486	Wetland	3	3	Carnivore	Aquatic predator	Aquatic	16657775.71	NA	NA	NA	NA	NA	NA	NA	NA	NA	NA	NA	23610546
PHAETHONTIFORMES	PHAETHONTIDAE	Phaethon	Phaethon_aethereus	Phaethon_aethereus	0	0	0	-0.654811996	-0.447242509	-0.364310339	24455.23	71	2	1.317706684	10.1	10.371904	23.05135209	0	0	Least-Concern	1	decreasing	1	1	0	1	NO	3.223	-0.597	66.4	50.5	8.8	20.7	28.9	309.2	211.8	97.5	68.4	100.2	749.99	Marine	3	3	Carnivore	Aquatic predator	Aerial	24455.23	NA	NA	NA	NA	NA	NA	NA	NA	NA	NA	NA	30177130
OPISTHOCOMIFORMES	OPISTHOCOMIDAE	Opisthocomus	Opisthocomus_hoazin	Opisthocomus_hoazin	0	0	0	-0.541434546	-0.369541777	-0.297481281	7559878.74	34	1	1.929954538	5.5	6.232173582	13.36942647	0	0	Least-Concern	1	decreasing	1	0	0	0	NO	3.935	-0.356	32.6	15.7	10.2	13.7	51.3	322	47.7	275.3	14.8	290.7	696	Riverine	2	1	Herbivore	Herbivore terrestrial	Insessorial	7559878.74	NA	NA	NA	NA	NA	NA	NA	NA	NA	NA	NA	3615485
PHOENICOPTERIFORMES	PHOENICOPTERIDAE	Phoenicopterus	Phoenicopterus_ruber	Phoenicopterus_ruber	1	1	0	-0.236605693	0.057480013	-0.526371137	241334.34	413	4	0.99537037	15	12.96915412	35.32211487	0	0	Least-Concern	1	increasing	3	0	0	0	NO	10.93	-0.16	126	89.5	26.9	36.7	282	408.8	190.5	210	47.5	138.8	3031.59	Coastal	3	1	Carnivore	Aquatic predator	Terrestrial	241334.34	NA	NA	NA	NA	NA	NA	NA	NA	NA	NA	NA	32497706
COLUMBIFORMES	COLUMBIDAE	Columba	Columba_livia	Columba_livia	6	4	2	0.813600264	0.83495277	0.452846207	17464191.46	1501	3	3.788368336	5.8	3.993083763	21.54166667	0	0	Least-Concern	1	decreasing	1	0	0	0	NO	2.369	-0.484	23.2	12.1	4.3	5	26.5	219.6	98.8	120.4	45.1	105.5	354.2	Human Modified	3	1	Herbivore	Granivore	Terrestrial	17464191.46	416	2.619093331	289	2.46	118	2.07	1	0	116	2.064457989	2.726727209	285765338
COLUMBIFORMES	COLUMBIDAE	Streptopelia	Streptopelia_decaocto	Streptopelia_decaocto	6	6	0	0.99422238	1.295210385	-0.539300414	19265912.02	475	3	4.751357642	5.3	3.455689008	17.75	0	1	Least-Concern	1	increasing	3	0	0	0	NO	1.502	-0.454	20.9	9.6	3.9	3.9	20.8	173.7	60.9	111.5	35.4	134.2	148.96	Human Modified	3	1	Herbivore	Omnivore	Terrestrial	19265912.02	19	1.278753601	5	0.7	0	NA	NA	NA	8	0.903089987	1.431363764	203977979
COLUMBIFORMES	COLUMBIDAE	Streptopelia	Streptopelia_turtur	Streptopelia_turtur	1	1	0	-0.105688254	0.147201388	-0.44920333	17578320.62	179	2	4.598532649	5.3	2.833879633	13.17	0	0	Vulnerable	3	decreasing	1	1	1	1	NO	1.403	-0.454	22.4	8.1	4.7	4.9	22.3	170.7	75.1	97.5	43.5	109.7	132	Woodland	2	3	Herbivore	Granivore	Terrestrial	17578320.62	NA	NA	NA	NA	NA	NA	NA	NA	NA	NA	NA	15583780
COLUMBIFORMES	COLUMBIDAE	Patagioenas	Patagioenas_fasciata	Patagioenas_fasciata	0	0	0	-0.671372661	-0.458591995	-0.374071836	2624630.54	79	2	3.613453251	6.9	4.394132128	22	0	0	Least-Concern	1	decreasing	1	0	0	0	NO	2.12	-0.614	24.9	18.9	7.5	6.6	25.9	206.9	74.7	131.2	36.2	141.5	366.3	Forest	2	1	Herbivore	Granivore	Terrestrial	2624630.54	NA	NA	NA	NA	NA	NA	NA	NA	NA	NA	NA	6237151
CUCULIFORMES	CUCULIDAE	Cuculus	Cuculus_canorus	Cuculus_canorus	1	1	0	-0.296493834	0.016436998	-0.561671526	37338142.79	605	2	5.233317215	7	2.756471878	12.92	0	0	Least-Concern	1	decreasing	1	0	0	0	NO	1.583	-0.238	26	15.4	7.6	7.6	21.4	192	84.6	105.9	43.9	158.1	111.36	Forest	2	3	Carnivore	Invertivore	Insessorial	37338142.79	NA	NA	NA	NA	NA	NA	NA	NA	NA	NA	NA	27722550
OTIDIFORMES	OTIDIDAE	Chlamydotis	Chlamydotis_macqueenii	Chlamydotis_undulata	0	0	0	-0.573790566	-0.391716261	-0.316553171	4341405.59	42	4	3.303102625	6.6	7.121839403	17.51851345	0	0	Vulnerable	3	decreasing	1	1	1	1	NO	5.373	-0.476	45.5	24.4	11.1	9.2	89.5	383.4	163.8	214.4	43.3	194.9	1501.33	Desert	3	1	Herbivore	Omnivore	Terrestrial	4341405.59	NA	NA	NA	NA	NA	NA	NA	NA	NA	NA	NA	628353
CAPRIMULGIFORMES	CAPRIMULGIDAE	Caprimulgus	Caprimulgus_europaeus	Caprimulgus_europaeus	0	0	0	-0.860220794	-0.588014892	-0.485386237	19002486.05	265	1	4.378672032	5.6	3.482665542	12.73317841	0	0	Least-Concern	1	decreasing	1	0	0	0	NO	0.889	-0.53	20.2	7.3	4.5	3.1	17.3	183.2	103.3	90.2	53.4	130.6	67	Shrubland	2	3	Carnivore	Invertivore	Aerial	19002486.05	NA	NA	NA	NA	NA	NA	NA	NA	NA	NA	NA	3583151
CAPRIMULGIFORMES	PODARGIDAE	Podargus	Podargus_strigoides	Podargus_strigoides	1	1	0	0.072321335	0.26919633	-0.344277586	7674636.86	57	2	5.110917499	7.5	6.084825413	17.9	0	1	Least-Concern	1	stable	2	0	0	0	NO	4.928	0.327	42.6	22.1	29.3	20.6	28.4	228.8	63	165.8	27.5	172	308.03	Forest	1	1	Carnivore	Invertivore	Insessorial	7674636.86	NA	NA	NA	NA	NA	NA	NA	NA	NA	NA	NA	721978
CAPRIMULGIFORMES	TROCHILIDAE	Calypte	Calypte_anna	Calypte_anna	1	1	0	-0.066186416	0.174273101	-0.425919417	493015.73	139	2	3.440741484	4.8	2.079680549	8.595716485	0	1	Least-Concern	1	increasing	3	0	0	0	NO	NA	NA	20.6	15.7	1.6	1.7	4.6	49	32.1	16.9	65.6	30	4.24	Woodland	2	2	Herbivore	Nectarivore	Aerial	493015.73	15	1.176091259	6	0.78	9	0.95	NA	NA	1	0	1.204119983	20616809
CAPRIMULGIFORMES	APODIDAE	Apus	Apus_apus	Apus_apus	2	0	2	0.127971604	-0.663688726	0.548140293	24779919.71	536	1	8.183756056	11.2	8.011577329	21	0	1	Least-Concern	1	stable	2	0	0	0	NO	0.672	-0.485	10.2	4.3	4	2.8	8.8	161.3	120.2	48.1	71.6	67.4	37.6	Human Modified	1	3	Carnivore	Invertivore	Aerial	24779919.71	1	0	0	NA	1	0	NA	NA	NA	NA	0	129654873
ANSERIFORMES	ANATIDAE	Aythya	Aythya_marila	Aythya_marila	2	2	0	0.301533084	0.55387009	-0.44816814	11929401.28	177	3	4.740120197	8.2	4.148126497	22.1	0	0	Least-Concern	1	decreasing	1	1	1	0	NO	4.78	-0.368	47.8	29.7	22.9	14.3	34.2	213.5	104.1	108.9	48.9	53.5	1005.37	Wetland	3	3	Omnivore	Aquatic predator	Aquatic	11929401.28	NA	NA	NA	NA	NA	NA	NA	NA	NA	NA	NA	23833080
ANSERIFORMES	ANATIDAE	Aythya	Aythya_fuligula	Aythya_fuligula	1	1	0	-0.273641564	0.032098297	-0.548201513	20377977.97	523	4	5.342660353	7.3	4.012210421	22	0	0	Least-Concern	1	stable	2	0	0	0	NO	4.091	-0.321	43.9	27.6	19.5	13.2	31.3	196.9	99	98.6	50.1	53.4	701.17	Wetland	3	2	Omnivore	Herbivore aquatic	Aquatic	20377977.97	NA	NA	NA	NA	NA	NA	NA	NA	NA	NA	NA	35898153
ANSERIFORMES	ANATIDAE	Aythya	Aythya_ferina	Aythya_ferina	0	0	0	-0.896002199	-0.612536888	-0.506477183	16611109.18	333	4	6.190294167	7.6	4.227950229	23.17	0	0	Vulnerable	3	decreasing	1	1	1	1	NO	5.177	-0.176	50.5	30.5	17.9	13.7	35	208.6	104.4	104.2	50.1	53.7	822.99	Wetland	3	1	Herbivore	Herbivore aquatic	Aquatic	16611109.18	NA	NA	NA	NA	NA	NA	NA	NA	NA	NA	NA	6271618
ANSERIFORMES	ANATIDAE	Netta	Netta_rufina	Netta_rufina	1	0	1	-0.098542436	-0.541048563	0.248155873	6127779.64	171	2	2.304347826	7	2.497672293	10.76039176	0	0	Least-Concern	1	unknown	NA	0	0	0	NO	5.425	-0.301	49.9	33.4	21.1	14.9	37.2	258.3	125.3	138.2	47.5	69.3	1118	Wetland	3	2	Herbivore	Herbivore aquatic	Aquatic	6127779.64	NA	NA	NA	NA	NA	NA	NA	NA	NA	NA	NA	13807326
ANSERIFORMES	ANATIDAE	Anas	Anas_acuta	Anas_acuta	0	0	0	-0.948350469	-0.648412619	-0.53733328	28403500.77	465	4	4.035735557	6.8	4.947677081	27.42	0	0	Least-Concern	1	decreasing	1	0	0	0	NO	4.877	-0.313	48.1	31.9	14.5	14.8	36.9	256.7	148.4	107.8	57.8	124.7	944.62	Wetland	3	3	Herbivore	Herbivore aquatic	Aquatic	28403500.77	NA	NA	NA	NA	NA	NA	1	0	7	0.84509804	0.903089987	98587756
ANSERIFORMES	ANATIDAE	Anas	Anas_platyrhynchos	Anas_platyrhynchos	16	6	10	1.641056768	1.130410399	1.716853235	39707247.47	2197	4	6.383263598	6.6	4.781012977	27.6	0	0	Least-Concern	1	increasing	3	0	0	0	NO	5.489	-0.131	58.5	41	20.8	17.8	40.6	263.4	133.5	129.9	50.7	86.9	843.42	Wetland	3	2	Herbivore	Herbivore aquatic	Aquatic	39707247.47	23	1.361727836	17	1.23	6	0.78	2	0.301029996	51	1.707570176	1.880813592	167717060
ANSERIFORMES	ANATIDAE	Clangula	Clangula_hyemalis	Clangula_hyemalis	3	3	0	0.562482673	0.823231646	-0.4639253	9492361.68	210	3	2.739130435	9	6.005650979	22.67	0	0	Vulnerable	3	decreasing	1	1	1	1	NO	4.939	-0.255	32.1	19.2	16	11.9	33.1	215.6	108.5	105	50.9	130.8	871	Wetland	3	3	Carnivore	Aquatic predator	Aquatic	9492361.68	NA	NA	NA	NA	NA	NA	NA	NA	NA	NA	NA	39986676
ANSERIFORMES	ANATIDAE	Bucephala	Bucephala_clangula	Bucephala_clangula	2	2	0	0.158928896	0.456139459	-0.532224569	22082935.41	440	4	4.742415677	8	7.109900304	20.41666667	0	0	Least-Concern	1	stable	2	1	1	1	NO	6.008	-0.088	38.1	17.7	16.1	11.9	34.1	208.7	105.4	99.4	51.4	82	918.56	Wetland	3	3	Carnivore	Aquatic predator	Aquatic	22082935.41	NA	NA	NA	NA	NA	NA	NA	NA	NA	NA	NA	26171669
ANSERIFORMES	ANATIDAE	Cygnus	Cygnus_olor	Cygnus_olor	3	2	1	0.330009532	0.37622924	0.092193211	4915289.2	925	3	3.915735168	12.2	9.800268867	28.58	0	0	Least-Concern	1	increasing	3	0	0	0	NO	21.979	-0.169	96.1	56.7	31	26.4	96.1	581.5	244.9	336.6	42.1	198.1	10682.04	Wetland	3	3	Herbivore	Herbivore aquatic	Aquatic	4915289.2	NA	NA	NA	NA	NA	NA	NA	NA	NA	NA	NA	7234055
ANSERIFORMES	ANATIDAE	Cygnus	Cygnus_columbianus	Cygnus_columbianus	3	3	0	0.460384734	0.753261077	-0.524105779	5272186.12	403	1	3.84	12.7	11.99546495	27.64587536	0	0	Least-Concern	1	unknown	NA	0	0	0	NO	17.558	-0.104	101.9	41.1	30.4	20	93.8	538.2	243.8	294.5	45.3	162.2	6377.96	Wetland	3	3	Herbivore	Herbivore aquatic	Aquatic	5272186.12	NA	NA	NA	NA	NA	NA	NA	NA	NA	NA	NA	21449052
ANSERIFORMES	ANATIDAE	Anser	Anser_anser	Anser_anser	3	2	1	0.352215264	0.391447448	0.105282129	13285537.12	803	2	3.390920555	11.6	7.92597639	23.87498053	0	0	Least-Concern	1	increasing	3	0	0	0	NO	11.337	-0.172	61.2	31.8	22.5	21.6	76.2	435.7	204.7	229.4	47.2	136.1	3302.41	Wetland	3	3	Herbivore	Herbivore terrestrial	Terrestrial	13285537.12	NA	NA	NA	NA	NA	NA	NA	NA	NA	NA	NA	64105549
ANSERIFORMES	ANATIDAE	Anser	Anser_brachyrhynchus	Anser_brachyrhynchus	0	0	0	-0.816180046	-0.557832538	-0.459426915	190949.74	200	2	4.30361596	11.4	11.67208628	39.75	0	0	Least-Concern	1	increasing	3	0	0	0	NO	NA	NA	48.9	26.2	18.7	15.2	74	432.2	210.8	217	49.3	140.6	2642.04	Grassland	3	3	Herbivore	Herbivore terrestrial	Terrestrial	190949.74	NA	NA	NA	NA	NA	NA	NA	NA	NA	NA	NA	12602527
GALLIFORMES	PHASIANIDAE	Tetrao	Tetrao_urogallus	Tetrao_urogallus	1	0	1	-0.338170825	-0.705272588	0.106909623	11330230.84	789	2	1.680440771	6.4	5.648734774	20.8154218	0	0	Least-Concern	1	decreasing	1	0	0	0	NO	6.237	-0.66	48.8	28.7	18.2	20.4	61.9	347.3	117.5	236.1	33.2	257.2	2716.61	Forest	2	1	Herbivore	Herbivore terrestrial	Generalist	11330230.84	NA	NA	NA	NA	NA	NA	NA	NA	NA	NA	NA	637262
GALLIFORMES	PHASIANIDAE	Gallus	Gallus_gallus	Gallus_gallus	3	1	2	0.214006631	-0.108735895	0.429281717	5096258.34	1936	3	2.71963243	5	5.282605098	30	0	0	Least-Concern	1	decreasing	1	1	0	1	NO	2.375	-0.904	30.9	15.4	8.9	8.9	68.1	218.2	48.9	167.6	22.5	194	751.72	Forest	1	1	Herbivore	Omnivore	Terrestrial	5096258.34	NA	NA	NA	NA	NA	NA	NA	NA	5	0.698970004	0.698970004	6435471
STRUTHIONIFORMES	APTERYGIDAE	Apteryx	Apteryx_mantelli	Apteryx_mantelli	0	0	0	-0.562423136	-0.383925844	-0.309852768	37689.64	39	3	3.96151637	8.8	8.50203165	23.27391744	1	0	Vulnerable	3	stable	2	1	0	1	NO	5.299	-0.734	140.6	4.3	4.3	4.5	64	0.1	0.1	0.1	0.1	0.1	2320.51	Forest	1	1	Carnivore	Invertivore	Terrestrial	37689.64	NA	NA	NA	NA	NA	NA	NA	NA	NA	NA	NA	1833
STRUTHIONIFORMES	CASUARIIDAE	Dromaius	Dromaius_novaehollandiae	Dromaius_novaehollandiae	1	1	0	-0.175135942	0.09960695	-0.490138486	4231350.45	279	3	4.206430958	10.5	7.631266788	30	0	0	Least-Concern	1	stable	2	0	0	0	NO	29.223	-0.535	81.5	26.5	32.2	17.7	382.8	124.5	0.1	124.4	0.1	430	34093.25	Grassland	3	1	Herbivore	Omnivore	Terrestrial	4231350.45	NA	NA	NA	NA	NA	NA	NA	NA	NA	NA	NA	2128327
